date,apparent_temperature,humidity,precip_intensity_max,precip_max_time,precip_type,summary,temperature,day_of_week,month
2017-01-01,36.95,0.57,0.0,05:01AM,none_,clear-night,36.95,6,1
2017-01-02,35.59,0.93,0.0243,03:00PM,rain,rain,39.12,0,1
2017-01-03,41.72,0.95,0.0919,05:00PM,rain,rain,43.06,1,1
2017-01-04,35.07,0.37,0.018,12:00AM,rain,clear-night,41.16,2,1
2017-01-05,26.44,0.49,0.0,05:01AM,none_,cloudy,31.49,3,1
2017-01-06,24.24,0.49,0.0023,12:00PM,snow,partly-cloudy-night,29.02,4,1
2017-01-07,12.77,0.87,0.0004,01:00PM,none_,fog,20.73,5,1
2017-01-08,11.49,0.51,0.0,05:01AM,none_,clear-night,20.24,6,1
2017-01-09,20.34,0.61,0.0,05:01AM,none_,partly-cloudy-night,20.34,0,1
2017-01-10,36.73,0.84,0.0046,11:00PM,rain,cloudy,36.73,1,1
2017-01-11,45.54,0.84,0.0959,03:00AM,rain,partly-cloudy-night,45.54,2,1
2017-01-12,60.89,0.71,0.0878,12:00AM,rain,cloudy,60.89,3,1
2017-01-13,30.05,0.47,0.0,05:01AM,none_,partly-cloudy-night,34.97,4,1
2017-01-14,29.46,0.9,0.0005,05:00PM,none_,cloudy,29.46,5,1
2017-01-15,32.29,0.65,0.0081,12:00PM,rain,clear-night,32.29,6,1
2017-01-16,38.87,0.61,0.0003,02:00PM,none_,partly-cloudy-night,38.87,0,1
2017-01-17,39.17,0.93,0.0615,07:00PM,rain,rain,39.17,1,1
2017-01-18,40.5,0.87,0.022,04:00AM,rain,cloudy,40.5,2,1
2017-01-19,41.48,0.74,0.0,05:01AM,none_,partly-cloudy-night,41.48,3,1
2017-01-20,40.87,0.9,0.0229,06:00PM,rain,cloudy,40.87,4,1
2017-01-21,45.28,0.94,0.0018,12:00AM,rain,cloudy,45.28,5,1
2017-01-22,44.96,0.84,0.0034,06:00PM,rain,cloudy,47.72,6,1
2017-01-23,30.01,0.9,0.1399,08:00PM,rain,rain,36.91,0,1
2017-01-24,32.52,0.87,0.1211,12:00AM,rain,rain,38.37,1,1
2017-01-25,42.85,0.73,0.0015,12:00AM,rain,partly-cloudy-night,42.85,2,1
2017-01-26,39.76,0.56,0.0067,11:00AM,rain,partly-cloudy-night,43.99,3,1
2017-01-27,33.46,0.59,0.0,05:01AM,none_,cloudy,38.75,4,1
2017-01-28,33.39,0.57,0.0,05:01AM,none_,cloudy,36.65,5,1
2017-01-29,36.71,0.49,0.0,05:01AM,none_,partly-cloudy-night,36.71,6,1
2017-01-30,31.32,0.45,0.0,05:01AM,none_,clear-night,31.32,0,1
2017-01-31,30.54,0.87,0.0004,03:00PM,none_,cloudy,30.54,1,1
2017-02-01,40.94,0.67,0.005,12:00PM,rain,cloudy,40.94,2,2
2017-02-02,32.54,0.54,0.0,05:01AM,none_,partly-cloudy-night,35.82,3,2
2017-02-03,24.2,0.45,0.0,05:01AM,none_,cloudy,30.46,4,2
2017-02-04,27.19,0.41,0.0,05:01AM,none_,clear-night,31.03,5,2
2017-02-05,36.32,0.48,0.0,05:01AM,none_,partly-cloudy-night,38.93,6,2
2017-02-06,39.25,0.73,0.0,05:01AM,none_,clear-night,39.25,0,2
2017-02-07,35.39,0.93,0.0702,12:00PM,rain,cloudy,38.24,1,2
2017-02-08,47.33,0.58,0.0138,04:00AM,rain,partly-cloudy-night,47.33,2,2
2017-02-09,9.57,0.54,0.0076,06:00AM,snow,partly-cloudy-night,20.41,3,2
2017-02-10,23.59,0.57,0.0077,03:00PM,snow,cloudy,28.88,4,2
2017-02-11,39.76,0.66,0.0121,01:00PM,rain,partly-cloudy-night,39.76,5,2
2017-02-12,34.36,0.94,0.0195,01:00PM,rain,rain,34.36,6,2
2017-02-13,25.05,0.59,0.0062,12:00PM,snow,clear-night,32.16,0,2
2017-02-14,36.42,0.67,0.0054,03:00PM,rain,clear-night,36.42,1,2
2017-02-15,32.07,0.75,0.0032,07:00PM,rain,cloudy,37.31,2,2
2017-02-16,22.95,0.54,0.0,05:01AM,none_,partly-cloudy-night,30.5,3,2
2017-02-17,37.6,0.46,0.0,05:01AM,none_,partly-cloudy-night,37.6,4,2
2017-02-18,54.5,0.49,0.0,05:01AM,none_,clear-night,54.5,5,2
2017-02-19,53.12,0.48,0.0,05:01AM,none_,clear-night,53.12,6,2
2017-02-20,40.55,0.32,0.0,05:01AM,none_,clear-night,43.33,0,2
2017-02-21,41.29,0.72,0.0,05:01AM,none_,partly-cloudy-night,41.29,1,2
2017-02-22,48.58,0.76,0.0,05:01AM,none_,partly-cloudy-night,48.58,2,2
2017-02-23,55.87,0.79,0.0,05:01AM,none_,partly-cloudy-night,55.87,3,2
2017-02-24,59.91,0.8,0.0,05:01AM,none_,clear-night,59.91,4,2
2017-02-25,50.34,0.88,0.1655,08:00PM,rain,rain,50.34,5,2
2017-02-26,34.3,0.47,0.0,05:01AM,none_,partly-cloudy-night,37.29,6,2
2017-02-27,48.02,0.54,0.0,05:01AM,none_,partly-cloudy-night,48.02,0,2
2017-02-28,51.66,0.9,0.0,05:01AM,none_,cloudy,51.66,1,2
2017-03-01,64.96,0.61,0.08,12:00PM,rain,clear-night,64.96,2,3
2017-03-02,35.18,0.33,0.0011,02:00AM,rain,clear-night,40.01,3,3
2017-03-03,22.71,0.55,0.0,05:01AM,none_,partly-cloudy-night,30.19,4,3
2017-03-04,12.58,0.31,0.0,05:01AM,none_,clear-night,21.85,5,3
2017-03-05,30.21,0.27,0.0,05:01AM,none_,clear-night,30.21,6,3
2017-03-06,39.35,0.55,0.0,05:01AM,none_,cloudy,39.35,0,3
2017-03-07,48.35,0.87,0.0316,11:00AM,rain,cloudy,48.35,1,3
2017-03-08,54.3,0.35,0.0156,07:00AM,rain,clear-night,54.3,2,3
2017-03-09,51.73,0.33,0.0,05:01AM,none_,partly-cloudy-night,51.73,3,3
2017-03-10,23.41,0.47,0.0232,04:00PM,snow,partly-cloudy-night,30.81,4,3
2017-03-11,16.61,0.5,0.0,05:01AM,none_,partly-cloudy-night,24.74,5,3
2017-03-12,20.69,0.37,0.0,05:01AM,none_,clear-night,27.31,6,3
2017-03-13,27.24,0.53,0.0004,03:00PM,none_,partly-cloudy-night,30.87,0,3
2017-03-14,21.86,0.8,0.023,01:00PM,snow,cloudy,29.63,1,3
2017-03-15,16.72,0.56,0.0,05:01AM,none_,cloudy,25.75,2,3
2017-03-16,32.8,0.37,0.022,03:00PM,rain,clear-night,36.76,3,3
2017-03-17,40.27,0.4,0.0086,02:00PM,rain,clear-night,40.27,4,3
2017-03-18,30.24,0.89,0.011,06:00PM,sleet,sleet,34.81,5,3
2017-03-19,42.53,0.39,0.0004,11:00AM,none_,clear-night,42.53,6,3
2017-03-20,47.51,0.35,0.0,05:01AM,none_,partly-cloudy-night,47.51,0,3
2017-03-21,52.58,0.45,0.0,05:01AM,none_,partly-cloudy-night,52.58,1,3
2017-03-22,20.47,0.28,0.0,05:01AM,none_,clear-night,28.75,2,3
2017-03-23,38.2,0.28,0.0,05:01AM,none_,clear-night,38.2,3,3
2017-03-24,51.48,0.57,0.0009,02:00PM,none_,partly-cloudy-night,51.48,4,3
2017-03-25,42.09,0.83,0.0027,08:00PM,rain,cloudy,44.51,5,3
2017-03-26,37.07,0.86,0.0088,04:00AM,rain,cloudy,39.89,6,3
2017-03-27,48.89,0.87,0.0767,10:00AM,rain,partly-cloudy-night,48.89,0,3
2017-03-28,40.74,0.94,0.0731,12:00PM,rain,rain,42.24,1,3
2017-03-29,50.07,0.41,0.0049,12:00AM,rain,clear-night,50.07,2,3
2017-03-30,42.95,0.59,0.0,12:00AM,none_,cloudy,44.38,3,3
2017-03-31,33.67,0.92,0.1174,08:00PM,rain,rain,39.57,4,3
2017-04-01,45.38,0.7,0.0241,12:00AM,rain,cloudy,45.38,5,4
2017-04-02,56.91,0.38,0.0,05:01AM,none_,clear-night,56.91,6,4
2017-04-03,52.1,0.61,0.0009,12:00AM,none_,cloudy,52.1,0,4
2017-04-04,48.61,0.9,0.3512,04:00AM,rain,cloudy,48.61,1,4
2017-04-05,49.4,0.78,0.0,05:01AM,none_,clear-night,49.91,2,4
2017-04-06,47.31,0.95,0.2136,05:00PM,rain,partly-cloudy-night,49.11,3,4
2017-04-07,37.91,0.62,0.0011,01:00PM,rain,cloudy,42.83,4,4
2017-04-08,52.36,0.31,0.0,05:01AM,none_,clear-night,52.36,5,4
2017-04-09,54.55,0.47,0.0,05:01AM,none_,clear-night,54.55,6,4
2017-04-10,69.44,0.42,0.0,05:01AM,none_,clear-night,69.44,0,4
2017-04-11,69.82,0.53,0.0,05:01AM,none_,clear-night,69.82,1,4
2017-04-12,69.16,0.41,0.009,01:00PM,rain,clear-night,69.16,2,4
2017-04-13,59.32,0.33,0.0,05:01AM,none_,partly-cloudy-night,59.32,3,4
2017-04-14,55.01,0.46,0.0,05:01AM,none_,clear-night,55.01,4,4
2017-04-15,59.25,0.76,0.0,05:01AM,none_,cloudy,59.25,5,4
2017-04-16,79.93,0.4,0.0008,06:00PM,none_,clear-night,79.93,6,4
2017-04-17,65.29,0.28,0.0,05:01AM,none_,clear-night,65.29,0,4
2017-04-18,51.19,0.62,0.0,05:01AM,none_,clear-night,51.19,1,4
2017-04-19,46.94,0.8,0.003,10:00PM,rain,cloudy,48.42,2,4
2017-04-20,58.16,0.77,0.0333,08:00AM,rain,cloudy,58.16,3,4
2017-04-21,51.39,0.9,0.0567,02:00AM,rain,cloudy,51.39,4,4
2017-04-22,53.66,0.78,0.0127,04:00PM,rain,cloudy,53.66,5,4
2017-04-23,53.43,0.66,0.0,05:01AM,none_,partly-cloudy-night,53.43,6,4
2017-04-24,54.8,0.67,0.0,05:01AM,none_,cloudy,54.8,0,4
2017-04-25,53.17,0.94,0.1495,10:00PM,rain,rain,53.17,1,4
2017-04-26,59.91,0.91,0.0172,06:00AM,rain,cloudy,59.91,2,4
2017-04-27,60.1,0.91,0.0014,02:00AM,rain,cloudy,60.1,3,4
2017-04-28,76.77,0.36,0.0014,05:00AM,rain,partly-cloudy-night,76.77,4,4
2017-04-29,78.18,0.53,0.0482,06:00AM,rain,partly-cloudy-night,78.18,5,4
2017-04-30,53.36,0.65,0.0,05:01AM,none_,cloudy,53.36,6,4
2017-05-01,68.92,0.74,0.0,05:01AM,none_,partly-cloudy-night,68.86,0,5
2017-05-02,67.65,0.36,0.0074,07:00AM,rain,partly-cloudy-night,67.65,1,5
2017-05-03,58.52,0.38,0.0,05:01AM,none_,clear-night,58.52,2,5
2017-05-04,53.13,0.64,0.0,05:01AM,none_,partly-cloudy-night,53.13,3,5
2017-05-05,59.07,0.94,0.3874,02:00PM,rain,cloudy,59.04,4,5
2017-05-06,59.02,0.8,0.0238,03:00AM,rain,partly-cloudy-night,59.02,5,5
2017-05-07,48.54,0.69,0.0011,05:00PM,rain,cloudy,49.96,6,5
2017-05-08,54.82,0.44,0.0,05:01AM,none_,partly-cloudy-night,54.82,0,5
2017-05-09,54.57,0.57,0.0,05:01AM,none_,partly-cloudy-night,54.57,1,5
2017-05-10,55.22,0.6,0.0,05:01AM,none_,partly-cloudy-night,55.22,2,5
2017-05-11,54.93,0.6,0.0,05:01AM,none_,partly-cloudy-night,54.93,3,5
2017-05-12,53.73,0.67,0.0,05:01AM,none_,partly-cloudy-night,53.73,4,5
2017-05-13,42.53,0.93,0.1323,04:00PM,rain,rain,45.88,5,5
2017-05-14,60.33,0.6,0.0123,12:00AM,rain,partly-cloudy-day,60.33,6,5
2017-05-15,64.89,0.47,0.0,05:01AM,none_,partly-cloudy-day,64.89,0,5
2017-05-16,73.39,0.41,0.0,05:01AM,none_,partly-cloudy-day,73.39,1,5
2017-05-17,84.17,0.5,0.0,05:01AM,none_,clear-day,83.22,2,5
2017-05-18,86.54,0.48,0.0,05:01AM,none_,clear-day,85.49,3,5
2017-05-19,85.17,0.46,0.0004,05:00PM,none_,partly-cloudy-day,84.77,4,5
2017-05-20,59.22,0.59,0.0015,08:00AM,rain,partly-cloudy-day,59.22,5,5
2017-05-21,58.49,0.52,0.0,05:01AM,none_,partly-cloudy-day,58.49,6,5
2017-05-22,60.35,0.95,0.0779,04:00PM,rain,cloudy,60.15,0,5
2017-05-23,64.19,0.64,0.0,05:01AM,none_,partly-cloudy-day,64.19,1,5
2017-05-24,62.27,0.68,0.0091,07:00AM,rain,partly-cloudy-day,62.27,2,5
2017-05-25,58.07,0.95,0.0742,12:00AM,rain,rain,58.07,3,5
2017-05-26,70.62,0.61,0.0952,01:00AM,rain,partly-cloudy-day,70.62,4,5
2017-05-27,67.49,0.71,0.0,05:01AM,none_,cloudy,67.49,5,5
2017-05-28,63.03,0.67,0.0002,12:00AM,none_,partly-cloudy-day,63.03,6,5
2017-05-29,56.9,0.87,0.0262,06:00AM,rain,cloudy,56.9,0,5
2017-05-30,57.94,0.9,0.0033,03:00PM,rain,cloudy,57.94,1,5
2017-05-31,69.79,0.74,0.0083,07:00AM,rain,clear-day,69.67,2,5
2017-06-01,74.15,0.4,0.0004,12:00AM,none_,clear-day,74.15,3,6
2017-06-02,70.46,0.37,0.0,05:01AM,none_,clear-day,70.46,4,6
2017-06-03,71.21,0.36,0.0062,09:00AM,rain,clear-day,71.21,5,6
2017-06-04,62.28,0.82,0.0082,04:00PM,rain,cloudy,62.28,6,6
2017-06-05,62.72,0.91,0.022,04:00AM,rain,cloudy,62.48,0,6
2017-06-06,55.04,0.86,0.0138,09:00AM,rain,cloudy,55.04,1,6
2017-06-07,64.98,0.64,0.0,05:01AM,none_,clear-day,64.98,2,6
2017-06-08,61.72,0.58,0.0,05:01AM,none_,partly-cloudy-day,61.72,3,6
2017-06-09,77.85,0.4,0.0,05:01AM,none_,partly-cloudy-day,77.85,4,6
2017-06-10,81.0,0.5,0.0,05:01AM,none_,partly-cloudy-day,80.26,5,6
2017-06-11,87.89,0.46,0.0,05:01AM,none_,clear-day,86.87,6,6
2017-06-12,89.33,0.45,0.0,05:01AM,none_,clear-day,87.91,0,6
2017-06-13,91.88,0.49,0.0,05:01AM,none_,partly-cloudy-day,88.79,1,6
2017-06-14,73.8,0.49,0.0162,08:00AM,rain,clear-day,73.8,2,6
2017-06-15,67.95,0.63,0.0,05:01AM,none_,partly-cloudy-day,67.95,3,6
2017-06-16,66.59,0.91,0.0128,07:00PM,rain,cloudy,66.01,4,6
2017-06-17,71.64,0.92,0.1281,02:00PM,rain,cloudy,70.55,5,6
2017-06-18,83.78,0.76,0.0,05:01AM,none_,partly-cloudy-day,80.02,6,6
2017-06-19,71.78,0.93,0.1986,07:00PM,rain,rain,70.63,0,6
2017-06-20,80.55,0.43,0.0097,02:00AM,rain,partly-cloudy-day,80.53,1,6
2017-06-21,77.79,0.56,0.0006,06:00PM,none_,partly-cloudy-day,77.69,2,6
2017-06-22,81.85,0.61,0.0,05:01AM,none_,partly-cloudy-day,79.93,3,6
2017-06-23,83.86,0.79,0.0055,09:00PM,rain,rain,79.87,4,6
2017-06-24,82.15,0.45,0.32,08:00AM,rain,partly-cloudy-day,82.02,5,6
2017-06-25,77.35,0.56,0.0002,03:00PM,none_,partly-cloudy-day,77.31,6,6
2017-06-26,74.33,0.49,0.0,05:01AM,none_,clear-day,74.33,0,6
2017-06-27,72.0,0.51,0.0404,06:00AM,rain,partly-cloudy-day,72.0,1,6
2017-06-28,75.06,0.47,0.0,05:01AM,none_,partly-cloudy-day,75.06,2,6
2017-06-29,77.57,0.67,0.0,05:01AM,none_,partly-cloudy-day,77.02,3,6
2017-06-30,85.59,0.64,0.0003,11:00PM,none_,partly-cloudy-day,82.21,4,6
2017-07-01,74.07,0.89,0.0566,08:00PM,rain,rain,72.88,5,7
2017-07-02,85.65,0.55,0.0,05:01AM,none_,partly-cloudy-day,83.62,6,7
2017-07-03,83.6,0.57,0.0027,12:00AM,rain,partly-cloudy-day,81.73,0,7
2017-07-04,80.99,0.5,0.0027,12:00AM,rain,partly-cloudy-day,80.25,1,7
2017-07-05,75.4,0.54,0.0,05:01AM,none_,clear-day,75.4,2,7
2017-07-06,73.42,0.67,0.0,05:01AM,none_,partly-cloudy-day,73.23,3,7
2017-07-07,78.05,0.75,0.337,12:00PM,rain,partly-cloudy-day,77.13,4,7
2017-07-08,78.37,0.62,0.0133,12:00AM,rain,partly-cloudy-day,77.96,5,7
2017-07-09,77.21,0.52,0.0,05:01AM,none_,clear-day,77.21,6,7
2017-07-10,79.93,0.66,0.0,05:01AM,none_,partly-cloudy-day,79.2,0,7
2017-07-11,86.79,0.71,0.0132,05:00AM,rain,partly-cloudy-day,82.09,1,7
2017-07-12,89.47,0.67,0.003,10:00PM,rain,cloudy,84.04,2,7
2017-07-13,77.73,0.84,0.012,07:00PM,rain,rain,76.43,3,7
2017-07-14,70.0,0.94,0.0722,10:00AM,rain,cloudy,68.97,4,7
2017-07-15,79.65,0.6,0.0027,02:00AM,rain,partly-cloudy-day,79.21,5,7
2017-07-16,79.95,0.66,0.0,05:01AM,none_,clear-day,79.22,6,7
2017-07-17,78.65,0.78,0.0018,09:00PM,rain,partly-cloudy-day,77.54,0,7
2017-07-18,85.59,0.72,0.0,05:01AM,none_,partly-cloudy-day,81.33,1,7
2017-07-19,90.9,0.58,0.0,05:01AM,none_,partly-cloudy-day,86.19,2,7
2017-07-20,91.74,0.6,0.0072,09:00PM,rain,partly-cloudy-day,86.25,3,7
2017-07-21,90.39,0.56,0.0,05:01AM,none_,clear-day,86.33,4,7
2017-07-22,82.57,0.67,0.0758,12:00AM,rain,partly-cloudy-day,79.96,5,7
2017-07-23,75.23,0.8,0.1428,01:00AM,rain,partly-cloudy-day,74.36,6,7
2017-07-24,67.22,0.79,0.1302,06:00AM,rain,partly-cloudy-day,67.1,0,7
2017-07-25,68.38,0.78,0.0,05:01AM,none_,cloudy,68.21,1,7
2017-07-26,71.06,0.62,0.0,05:01AM,none_,partly-cloudy-day,71.06,2,7
2017-07-27,76.51,0.83,0.0,05:01AM,none_,cloudy,75.38,3,7
2017-07-28,78.11,0.75,0.0,05:01AM,none_,partly-cloudy-day,77.17,4,7
2017-07-29,73.67,0.57,0.0009,09:00AM,rain,partly-cloudy-day,73.67,5,7
2017-07-30,76.35,0.5,0.0,05:01AM,none_,clear-day,76.35,6,7
2017-07-31,81.69,0.6,0.0,05:01AM,none_,partly-cloudy-day,79.87,0,7
2017-08-01,83.45,0.6,0.0,05:01AM,none_,partly-cloudy-day,81.25,1,8
2017-08-02,71.64,0.87,0.0423,06:00PM,rain,partly-cloudy-day,70.79,2,8
2017-08-03,78.3,0.73,0.0003,09:00PM,none_,partly-cloudy-day,77.43,3,8
2017-08-04,78.39,0.77,0.0048,09:00AM,rain,partly-cloudy-day,77.32,4,8
2017-08-05,73.99,0.54,0.1806,06:00AM,rain,partly-cloudy-day,73.99,5,8
2017-08-06,72.17,0.57,0.0,05:01AM,none_,partly-cloudy-day,72.17,6,8
2017-08-07,67.17,0.91,0.1158,04:00PM,rain,rain,66.54,0,8
2017-08-08,74.98,0.63,0.0007,12:00AM,none_,partly-cloudy-night,74.84,1,8
2017-08-09,77.07,0.6,0.0,05:01AM,none_,clear-night,76.86,2,8
2017-08-10,75.1,0.63,0.0,05:01AM,none_,partly-cloudy-night,74.94,3,8
2017-08-11,74.96,0.68,0.0026,10:00PM,rain,cloudy,74.62,4,8
2017-08-12,75.26,0.86,0.0903,03:00AM,rain,partly-cloudy-night,74.11,5,8
2017-08-13,78.23,0.58,0.0,05:01AM,none_,partly-cloudy-night,78.01,6,8
2017-08-14,76.6,0.76,0.0,05:01AM,none_,partly-cloudy-night,75.75,0,8
2017-08-15,74.35,0.91,0.0709,04:00AM,rain,cloudy,73.07,1,8
2017-08-16,81.33,0.59,0.0,05:01AM,none_,clear-night,79.68,2,8
2017-08-17,75.75,0.76,0.0,05:01AM,none_,partly-cloudy-night,74.99,3,8
2017-08-18,77.32,0.92,0.113,09:00AM,rain,rain,75.74,4,8
2017-08-19,83.26,0.62,0.0,05:01AM,none_,clear-night,80.98,5,8
2017-08-20,77.98,0.57,0.0,05:01AM,none_,clear-night,77.81,6,8
2017-08-21,83.02,0.71,0.0,05:01AM,none_,clear-night,79.94,0,8
2017-08-22,90.71,0.69,0.0479,12:00AM,rain,partly-cloudy-night,84.19,1,8
2017-08-23,75.44,0.52,0.1138,01:00AM,rain,partly-cloudy-night,75.44,2,8
2017-08-24,72.98,0.49,0.0,05:01AM,none_,clear-night,72.98,3,8
2017-08-25,71.71,0.57,0.0,05:01AM,none_,partly-cloudy-night,71.71,4,8
2017-08-26,69.51,0.53,0.0,05:01AM,none_,clear-night,69.51,5,8
2017-08-27,69.61,0.6,0.0,05:01AM,none_,partly-cloudy-night,69.61,6,8
2017-08-28,68.19,0.6,0.0,05:01AM,none_,partly-cloudy-night,68.19,0,8
2017-08-29,62.67,0.87,0.0296,05:00PM,rain,rain,62.61,1,8
2017-08-30,72.67,0.6,0.0177,12:00AM,rain,partly-cloudy-night,72.67,2,8
2017-08-31,71.58,0.55,0.0,04:00PM,none_,partly-cloudy-night,71.58,3,8
2017-09-01,65.79,0.46,0.0,05:01AM,none_,partly-cloudy-night,65.79,4,9
2017-09-02,61.28,0.78,0.0968,11:00PM,rain,rain,61.28,5,9
2017-09-03,67.52,0.75,0.0552,10:00AM,rain,cloudy,67.52,6,9
2017-09-04,73.94,0.6,0.0,05:01AM,none_,clear-night,73.94,0,9
2017-09-05,76.19,0.76,0.0099,09:00PM,rain,partly-cloudy-night,75.37,1,9
2017-09-06,62.5,0.91,0.0843,10:00PM,rain,rain,62.31,2,9
2017-09-07,67.24,0.57,0.0507,12:00AM,rain,clear-night,67.24,3,9
2017-09-08,65.44,0.61,0.0,05:01AM,none_,partly-cloudy-night,65.44,4,9
2017-09-09,61.41,0.64,0.0,05:01AM,none_,clear-night,61.41,5,9
2017-09-10,66.59,0.54,0.0,05:01AM,none_,clear-night,66.59,6,9
2017-09-11,69.24,0.55,0.0,05:01AM,none_,clear-night,69.24,0,9
2017-09-12,72.16,0.66,0.0,05:01AM,none_,clear-night,72.14,1,9
2017-09-13,72.7,0.88,0.0039,05:00PM,rain,cloudy,71.69,2,9
2017-09-14,76.31,0.76,0.0,05:01AM,none_,partly-cloudy-night,75.51,3,9
2017-09-15,75.4,0.78,0.0,05:01AM,none_,partly-cloudy-night,74.55,4,9
2017-09-16,72.91,0.86,0.0,05:01AM,none_,partly-cloudy-night,71.96,5,9
2017-09-17,71.81,0.85,0.0,05:01AM,none_,partly-cloudy-night,71.04,6,9
2017-09-18,71.93,0.84,0.0,05:01AM,none_,partly-cloudy-night,71.15,0,9
2017-09-19,70.77,0.87,0.0191,04:00PM,rain,rain,69.97,1,9
2017-09-20,76.05,0.72,0.0,05:01AM,none_,partly-cloudy-night,75.44,2,9
2017-09-21,75.17,0.69,0.0,05:01AM,none_,clear-night,74.77,3,9
2017-09-22,75.95,0.54,0.0,05:01AM,none_,partly-cloudy-night,75.95,4,9
2017-09-23,77.2,0.51,0.0,05:01AM,none_,clear-night,77.2,5,9
2017-09-24,78.16,0.66,0.0,05:01AM,none_,clear-night,77.59,6,9
2017-09-25,75.06,0.74,0.0,05:01AM,none_,clear-night,74.45,0,9
2017-09-26,73.79,0.81,0.0,05:01AM,none_,clear-night,72.99,1,9
2017-09-27,79.31,0.84,0.0,05:01AM,none_,clear-night,77.87,2,9
2017-09-28,66.96,0.5,0.0,05:01AM,none_,clear-night,66.96,3,9
2017-09-29,61.0,0.61,0.0,05:01AM,none_,clear-night,61.0,4,9
2017-09-30,56.08,0.76,0.0,03:00PM,none_,partly-cloudy-night,56.08,5,9
2017-10-01,58.98,0.62,0.0,05:01AM,none_,clear-night,58.98,6,10
2017-10-02,62.13,0.62,0.0,05:01AM,none_,clear-night,62.13,0,10
2017-10-03,60.04,0.67,0.0,05:01AM,none_,clear-night,60.04,1,10
2017-10-04,68.48,0.72,0.0,05:01AM,none_,clear-night,68.48,2,10
2017-10-05,76.69,0.65,0.0027,12:00AM,rain,partly-cloudy-night,76.32,3,10
2017-10-06,71.27,0.82,0.0027,12:00AM,rain,partly-cloudy-night,70.64,4,10
2017-10-07,73.75,0.82,0.0,05:01AM,none_,partly-cloudy-night,72.89,5,10
2017-10-08,76.79,0.87,0.0407,10:00AM,rain,partly-cloudy-night,75.43,6,10
2017-10-09,76.48,0.93,0.0729,02:00PM,rain,cloudy,74.9,0,10
2017-10-10,71.54,0.75,0.0,05:01AM,none_,clear-night,71.21,1,10
2017-10-11,67.13,0.84,0.0032,08:00PM,rain,rain,66.8,2,10
2017-10-12,58.87,0.66,0.017,06:00AM,rain,partly-cloudy-night,58.87,3,10
2017-10-13,62.8,0.81,0.0,05:01AM,none_,cloudy,62.8,4,10
2017-10-14,68.68,0.84,0.0044,04:00AM,rain,cloudy,68.2,5,10
2017-10-15,69.56,0.81,0.0,09:00AM,none_,cloudy,69.14,6,10
2017-10-16,53.25,0.55,0.0048,05:00AM,rain,partly-cloudy-night,53.25,0,10
2017-10-17,53.0,0.61,0.0,05:01AM,none_,clear-night,53.0,1,10
2017-10-18,61.99,0.68,0.0,05:01AM,none_,clear-night,61.99,2,10
2017-10-19,63.42,0.58,0.0,05:01AM,none_,clear-night,63.42,3,10
2017-10-20,64.18,0.44,0.0,05:01AM,none_,clear-night,64.18,4,10
2017-10-21,63.22,0.58,0.0,05:01AM,none_,clear-night,63.22,5,10
2017-10-22,62.76,0.7,0.0,05:01AM,none_,clear-night,62.76,6,10
2017-10-23,68.81,0.84,0.0,05:01AM,none_,partly-cloudy-night,68.34,0,10
2017-10-24,68.92,0.93,0.0676,03:00PM,rain,rain,68.06,1,10
2017-10-25,59.81,0.67,0.0015,01:00AM,rain,partly-cloudy-night,59.81,2,10
2017-10-26,53.99,0.58,0.0002,01:00PM,none_,clear-night,53.99,3,10
2017-10-27,55.53,0.66,0.0,05:01AM,none_,clear-night,55.53,4,10
2017-10-28,63.22,0.83,0.0,05:01AM,none_,partly-cloudy-night,63.22,5,10
2017-10-29,65.52,0.95,0.3146,10:00PM,rain,rain,64.88,6,10
2017-10-30,52.28,0.55,0.0606,12:00AM,rain,clear-night,52.28,0,10
2017-10-31,49.84,0.5,0.0,05:01AM,none_,clear-night,49.84,1,10
2017-11-01,53.83,0.71,0.0,05:01AM,none_,partly-cloudy-night,53.83,2,11
2017-11-02,65.44,0.82,0.0,05:01AM,none_,partly-cloudy-night,65.34,3,11
2017-11-03,61.84,0.68,0.0,05:01AM,none_,partly-cloudy-night,61.84,4,11
2017-11-04,50.58,0.72,0.0,05:01AM,none_,clear-night,50.58,5,11
2017-11-05,59.96,0.95,0.0049,02:00AM,rain,cloudy,59.83,6,11
2017-11-06,54.36,0.73,0.0,05:01AM,none_,partly-cloudy-night,54.36,0,11
2017-11-07,38.05,0.91,0.1066,07:00PM,rain,rain,41.01,1,11
2017-11-08,45.53,0.76,0.0174,12:00AM,rain,cloudy,45.53,2,11
2017-11-09,51.57,0.79,0.0004,12:00AM,none_,cloudy,51.57,3,11
2017-11-10,19.78,0.44,0.0009,01:00AM,none_,clear-night,27.35,4,11
2017-11-11,32.47,0.47,0.0,05:01AM,none_,clear-night,32.47,5,11
2017-11-12,39.42,0.64,0.0,05:01AM,none_,partly-cloudy-night,39.42,6,11
2017-11-13,41.09,0.78,0.0133,09:00AM,rain,clear-night,41.09,0,11
2017-11-14,42.3,0.74,0.0,05:01AM,none_,cloudy,42.3,1,11
2017-11-15,47.22,0.71,0.0,05:01AM,none_,cloudy,47.22,2,11
2017-11-16,43.78,0.63,0.0293,07:00AM,rain,clear-night,47.21,3,11
2017-11-17,40.28,0.44,0.0,05:01AM,none_,clear-night,40.28,4,11
2017-11-18,47.82,0.87,0.0304,07:00PM,rain,rain,48.47,5,11
2017-11-19,42.44,0.54,0.0443,05:00AM,rain,partly-cloudy-night,44.65,6,11
2017-11-20,39.79,0.53,0.0,05:01AM,none_,clear-night,42.84,0,11
2017-11-21,50.08,0.65,0.0,05:01AM,none_,clear-night,50.08,1,11
2017-11-22,34.46,0.59,0.0373,09:00AM,rain,partly-cloudy-night,39.54,2,11
2017-11-23,36.48,0.59,0.0,05:01AM,none_,partly-cloudy-night,36.48,3,11
2017-11-24,43.24,0.6,0.0,05:01AM,none_,clear-night,43.24,4,11
2017-11-25,52.06,0.57,0.0,05:01AM,none_,partly-cloudy-night,52.06,5,11
2017-11-26,39.19,0.58,0.0,05:01AM,none_,clear-night,39.19,6,11
2017-11-27,43.34,0.51,0.0,05:01AM,none_,clear-night,43.34,0,11
2017-11-28,49.22,0.79,0.0,05:01AM,none_,clear-night,49.96,1,11
2017-11-29,46.37,0.47,0.0,05:01AM,none_,clear-night,47.9,2,11
2017-11-30,47.37,0.81,0.0085,12:00AM,rain,partly-cloudy-night,47.37,3,11
2017-12-01,42.93,0.63,0.0085,12:00AM,rain,clear-night,42.93,4,12
2017-12-02,42.15,0.7,0.0,05:01AM,none_,partly-cloudy-night,42.15,5,12
2017-12-03,42.66,0.82,0.0,05:01AM,none_,partly-cloudy-night,42.66,6,12
2017-12-04,47.33,0.76,0.0,05:01AM,none_,cloudy,47.33,0,12
2017-12-05,57.76,0.93,0.07,10:00PM,rain,rain,57.76,1,12
2017-12-06,37.83,0.46,0.0368,12:00AM,rain,partly-cloudy-night,40.5,2,12
2017-12-07,37.97,0.51,0.0,05:01AM,none_,partly-cloudy-night,40.16,3,12
2017-12-08,36.19,0.5,0.0,05:01AM,none_,partly-cloudy-night,36.19,4,12
2017-12-09,31.23,0.93,0.0005,04:00PM,snow,cloudy,31.23,5,12
2017-12-10,31.91,0.62,0.0216,02:00PM,rain,partly-cloudy-night,35.59,6,12
2017-12-11,35.92,0.62,0.0029,01:00PM,rain,partly-cloudy-night,35.92,0,12
2017-12-12,29.7,0.71,0.001,02:00PM,rain,cloudy,36.43,1,12
2017-12-13,20.01,0.46,0.0,05:01AM,none_,clear-night,27.07,2,12
2017-12-14,19.64,0.49,0.0045,01:00PM,snow,clear-night,25.29,3,12
2017-12-15,24.17,0.87,0.0,06:00PM,none_,cloudy,24.17,4,12
2017-12-16,37.25,0.66,0.0062,02:00PM,rain,cloudy,37.25,5,12
2017-12-17,34.67,0.71,0.0014,02:00PM,rain,partly-cloudy-night,34.67,6,12
2017-12-18,43.54,0.72,0.0006,03:00AM,rain,cloudy,44.66,0,12
2017-12-19,51.22,0.59,0.0,05:01AM,none_,clear-night,51.22,1,12
2017-12-20,33.33,0.49,0.0,05:01AM,none_,clear-night,36.59,2,12
2017-12-21,36.61,0.5,0.0,05:01AM,none_,partly-cloudy-night,36.61,3,12
2017-12-22,43.32,0.79,0.0,05:01AM,none_,cloudy,43.32,4,12
2017-12-23,44.53,0.93,0.0768,01:00PM,rain,rain,46.83,5,12
2017-12-24,34.44,0.67,0.0032,12:00AM,rain,cloudy,38.14,6,12
2017-12-25,21.83,0.47,0.02,06:00AM,rain,partly-cloudy-night,29.78,0,12
2017-12-26,23.95,0.47,0.0,05:01AM,none_,clear-night,23.95,1,12
2017-12-27,12.19,0.44,0.0,05:01AM,none_,clear-night,19.66,2,12
2017-12-28,4.09,0.44,0.0,05:01AM,none_,clear-night,14.36,3,12
2017-12-29,12.98,0.54,0.0,05:01AM,none_,clear-night,18.1,4,12
2017-12-30,20.2,0.77,0.0,05:01AM,none_,clear-night,20.2,5,12
2017-12-31,2.18,0.54,0.0,05:01AM,none_,clear-night,11.36,6,12
2018-01-01,15.82,0.47,0.0,05:01AM,none_,clear-night,15.82,0,1
2018-01-02,12.71,0.56,0.0,05:01AM,none_,clear-night,20.72,1,1
2018-01-03,25.3,0.55,0.0,05:01AM,none_,partly-cloudy-night,25.3,2,1
2018-01-04,12.84,0.73,0.0003,11:00AM,snow,partly-cloudy-night,23.7,3,1
2018-01-05,0.79,0.42,0.0,05:01AM,none_,clear-night,13.02,4,1
2018-01-06,-1.75,0.43,0.0,05:01AM,none_,clear-night,8.7,5,1
2018-01-07,9.96,0.49,0.0,05:01AM,none_,partly-cloudy-night,17.39,6,1
2018-01-08,25.16,0.76,0.0,05:01AM,none_,cloudy,29.52,0,1
2018-01-09,36.15,0.59,0.0047,01:00PM,rain,clear-night,36.15,1,1
2018-01-10,36.34,0.77,0.0,05:01AM,none_,cloudy,36.34,2,1
2018-01-11,42.97,0.9,0.0,05:01AM,none_,partly-cloudy-night,42.97,3,1
2018-01-12,55.99,0.96,0.1302,04:00PM,rain,rain,55.99,4,1
2018-01-13,14.78,0.57,0.0361,04:00AM,rain,clear-night,23.23,5,1
2018-01-14,11.37,0.44,0.0,05:01AM,none_,clear-night,18.97,6,1
2018-01-15,25.36,0.73,0.0,05:01AM,none_,clear-night,25.36,0,1
2018-01-16,33.26,0.82,0.0,05:01AM,none_,cloudy,33.26,1,1
2018-01-17,18.72,0.73,0.0092,07:00AM,snow,partly-cloudy-night,25.22,2,1
2018-01-18,27.43,0.58,0.0,05:01AM,none_,clear-night,27.43,3,1
2018-01-19,34.16,0.58,0.0005,03:00PM,none_,clear-night,34.16,4,1
2018-01-20,44.19,0.56,0.0022,11:00AM,rain,partly-cloudy-night,44.19,5,1
2018-01-21,44.48,0.67,0.0,05:01AM,none_,cloudy,44.48,6,1
2018-01-22,40.74,0.9,0.0006,03:00AM,none_,cloudy,40.74,0,1
2018-01-23,45.11,0.59,0.0585,08:00AM,rain,partly-cloudy-night,48.41,1,1
2018-01-24,24.87,0.56,0.0,05:01AM,none_,clear-night,31.31,2,1
2018-01-25,29.52,0.34,0.0,05:01AM,none_,clear-night,29.52,3,1
2018-01-26,32.43,0.63,0.0,05:01AM,none_,clear-night,32.43,4,1
2018-01-27,52.16,0.67,0.0,05:01AM,none_,partly-cloudy-night,52.16,5,1
2018-01-28,44.44,0.78,0.0273,06:00AM,rain,partly-cloudy-night,44.44,6,1
2018-01-29,35.77,0.66,0.0,05:01AM,none_,cloudy,39.62,0,1
2018-01-30,19.56,0.57,0.0058,01:00PM,snow,cloudy,27.82,1,1
2018-01-31,24.92,0.53,0.0,05:01AM,none_,partly-cloudy-night,30.89,2,1
2018-02-01,40.4,0.75,0.0185,12:00AM,rain,cloudy,40.4,3,2
2018-02-02,8.89,0.46,0.0471,03:00AM,rain,clear-night,19.31,4,2
2018-02-03,22.89,0.49,0.0,05:01AM,none_,clear-night,28.65,5,2
2018-02-04,41.39,0.94,0.1468,10:00PM,rain,rain,41.39,6,2
2018-02-05,27.42,0.49,0.0265,12:00AM,rain,clear-night,27.42,0,2
2018-02-06,31.07,0.68,0.0,05:01AM,none_,clear-night,31.07,1,2
2018-02-07,37.15,0.91,0.0929,07:00PM,rain,rain,39.69,2,2
2018-02-08,27.94,0.58,0.0003,12:00AM,none_,partly-cloudy-night,27.94,3,2
2018-02-09,34.73,0.72,0.0,05:01AM,none_,partly-cloudy-night,34.73,4,2
2018-02-10,43.35,0.94,0.0822,08:00PM,rain,rain,43.35,5,2
2018-02-11,52.9,0.94,0.0964,10:00AM,rain,rain,52.9,6,2
2018-02-12,34.44,0.4,0.0003,12:00AM,none_,clear-night,37.98,0,2
2018-02-13,31.93,0.69,0.0,05:01AM,none_,cloudy,31.93,1,2
2018-02-14,46.15,0.73,0.0201,12:00AM,rain,partly-cloudy-night,46.15,2,2
2018-02-15,54.2,0.84,0.026,12:00AM,rain,partly-cloudy-night,54.2,3,2
2018-02-16,36.3,0.6,0.026,12:00AM,rain,partly-cloudy-night,41.72,4,2
2018-02-17,33.0,0.91,0.0052,11:00PM,snow,fog,33.0,5,2
2018-02-18,36.45,0.66,0.0726,01:00PM,rain,clear-night,36.45,6,2
2018-02-19,44.84,0.93,0.0116,09:00PM,rain,rain,44.84,0,2
2018-02-20,57.49,0.81,0.0008,12:00AM,none_,clear-night,57.49,1,2
2018-02-21,65.89,0.71,0.0129,10:00PM,rain,partly-cloudy-night,65.89,2,2
2018-02-22,34.79,0.9,0.0397,05:00PM,rain,cloudy,37.64,3,2
2018-02-23,39.24,0.94,0.0251,07:00PM,rain,rain,39.24,4,2
2018-02-24,45.75,0.9,0.0201,05:00PM,rain,rain,45.75,5,2
2018-02-25,43.03,0.94,0.1377,07:00AM,rain,cloudy,43.03,6,2
2018-02-26,44.28,0.56,0.0,05:01AM,none_,clear-night,44.28,0,2
2018-02-27,45.42,0.54,0.0,05:01AM,none_,clear-night,45.42,1,2
2018-02-28,52.13,0.58,0.0,05:01AM,none_,partly-cloudy-night,52.13,2,2
2018-03-01,50.73,0.69,0.1191,11:00PM,rain,cloudy,50.73,3,3
2018-03-02,27.21,0.87,0.1685,04:00AM,rain,sleet,35.2,4,3
2018-03-03,35.52,0.67,0.0019,11:00AM,rain,cloudy,40.96,5,3
2018-03-04,30.69,0.51,0.0,05:01AM,none_,partly-cloudy-night,36.65,6,3
2018-03-05,35.35,0.61,0.0,05:01AM,none_,partly-cloudy-night,37.96,0,3
2018-03-06,36.07,0.7,0.0,05:01AM,none_,partly-cloudy-night,39.36,1,3
2018-03-07,29.66,0.95,0.0376,01:00PM,snow,snow,33.36,2,3
2018-03-08,35.82,0.62,0.0507,01:00PM,rain,cloudy,35.82,3,3
2018-03-09,32.47,0.58,0.0104,01:00PM,rain,partly-cloudy-night,37.22,4,3
2018-03-10,34.33,0.5,0.0006,02:00PM,rain,cloudy,37.64,5,3
2018-03-11,39.56,0.51,0.0,05:01AM,none_,clear-night,39.56,6,3
2018-03-12,36.56,0.61,0.0077,12:00AM,rain,cloudy,40.36,0,3
2018-03-13,30.89,0.56,0.0161,01:00PM,snow,partly-cloudy-night,36.18,1,3
2018-03-14,28.97,0.74,0.0,05:01AM,none_,cloudy,35.01,2,3
2018-03-15,36.12,0.63,0.0,05:01AM,none_,partly-cloudy-night,40.06,3,3
2018-03-16,27.59,0.46,0.0,05:01AM,none_,clear-night,33.78,4,3
2018-03-17,42.8,0.33,0.0,05:01AM,none_,clear-night,44.06,5,3
2018-03-18,39.64,0.32,0.0,05:01AM,none_,clear-night,39.64,6,3
2018-03-19,40.17,0.3,0.0,05:01AM,none_,clear-night,40.17,0,3
2018-03-20,33.3,0.48,0.0,05:01AM,none_,cloudy,37.26,1,3
2018-03-21,28.12,0.93,0.0056,04:00PM,snow,snow,32.04,2,3
2018-03-22,42.04,0.45,0.0989,01:00PM,rain,clear-night,44.94,3,3
2018-03-23,40.88,0.5,0.0,05:01AM,none_,cloudy,43.86,4,3
2018-03-24,44.42,0.36,0.0,05:01AM,none_,partly-cloudy-night,44.42,5,3
2018-03-25,39.47,0.55,0.0,05:01AM,none_,partly-cloudy-night,39.47,6,3
2018-03-26,39.65,0.62,0.0,05:01AM,none_,clear-night,39.65,0,3
2018-03-27,40.07,0.51,0.0008,12:00AM,none_,cloudy,40.07,1,3
2018-03-28,47.97,0.78,0.0135,06:00AM,rain,cloudy,47.97,2,3
2018-03-29,48.09,0.93,0.007,11:00AM,rain,fog,48.09,3,3
2018-03-30,46.19,0.69,0.0142,06:00PM,rain,cloudy,48.63,4,3
2018-03-31,44.06,0.45,0.0,05:01AM,none_,clear-night,46.92,5,3
2018-04-01,48.17,0.4,0.0,05:01AM,none_,partly-cloudy-night,49.51,6,4
2018-04-02,39.15,0.73,0.0754,03:00PM,rain,partly-cloudy-night,39.15,0,4
2018-04-03,40.26,0.94,0.0448,01:00PM,rain,rain,40.26,1,4
2018-04-04,42.64,0.38,0.0222,03:00PM,rain,clear-night,47.11,2,4
2018-04-05,37.93,0.34,0.0,05:01AM,none_,partly-cloudy-night,40.73,3,4
2018-04-06,56.42,0.48,0.0209,10:00AM,rain,cloudy,56.42,4,4
2018-04-07,43.56,0.36,0.0,05:01AM,none_,cloudy,43.56,5,4
2018-04-08,34.29,0.38,0.0,05:01AM,none_,partly-cloudy-night,38.52,6,4
2018-04-09,39.77,0.56,0.0,05:01AM,none_,cloudy,41.47,0,4
2018-04-10,43.3,0.44,0.0028,05:00AM,rain,partly-cloudy-night,44.77,1,4
2018-04-11,45.07,0.58,0.0,05:01AM,none_,partly-cloudy-night,45.07,2,4
2018-04-12,55.44,0.64,0.0,05:01AM,none_,partly-cloudy-night,55.44,3,4
2018-04-13,70.3,0.43,0.0,05:01AM,none_,partly-cloudy-night,70.3,4,4
2018-04-14,52.47,0.73,0.0,05:01AM,none_,cloudy,52.47,5,4
2018-04-15,31.87,0.9,0.0548,09:00PM,rain,rain,37.92,6,4
2018-04-16,51.17,0.74,0.3833,10:00AM,rain,cloudy,51.17,0,4
2018-04-17,36.97,0.65,0.0,05:01AM,none_,cloudy,40.87,1,4
2018-04-18,49.85,0.49,0.0,05:01AM,none_,clear-night,49.85,2,4
2018-04-19,38.28,0.53,0.0299,03:00PM,rain,partly-cloudy-night,43.0,3,4
2018-04-20,39.88,0.48,0.0,05:01AM,none_,clear-night,43.82,4,4
2018-04-21,56.55,0.29,0.0,05:01AM,none_,partly-cloudy-night,56.55,5,4
2018-04-22,54.29,0.38,0.0,05:01AM,none_,clear-night,54.29,6,4
2018-04-23,52.37,0.58,0.0,05:01AM,none_,clear-night,52.37,0,4
2018-04-24,56.26,0.61,0.0121,12:00AM,rain,cloudy,56.26,1,4
2018-04-25,55.98,0.94,0.0756,08:00AM,rain,fog,55.98,2,4
2018-04-26,64.57,0.46,0.0157,02:00AM,rain,clear-night,64.57,3,4
2018-04-27,51.6,0.92,0.0209,12:00PM,rain,cloudy,51.6,4,4
2018-04-28,56.28,0.82,0.0462,09:00PM,rain,rain,56.28,5,4
2018-04-29,46.28,0.56,0.0129,04:00AM,rain,partly-cloudy-night,49.36,6,4
2018-04-30,48.3,0.76,0.0037,07:00PM,rain,cloudy,48.3,0,4
2018-05-01,73.64,0.26,0.0,05:01AM,none_,partly-cloudy-night,73.64,1,5
2018-05-02,82.87,0.26,0.0,05:01AM,none_,partly-cloudy-night,82.87,2,5
2018-05-03,74.48,0.76,0.0244,08:00PM,rain,rain,73.81,3,5
2018-05-04,81.17,0.52,0.0008,12:00AM,rain,partly-cloudy-night,80.14,4,5
2018-05-05,66.82,0.47,0.0,05:01AM,none_,partly-cloudy-night,66.82,5,5
2018-05-06,59.58,0.73,0.0037,10:00AM,rain,cloudy,59.58,6,5
2018-05-07,62.86,0.67,0.0,05:01AM,none_,partly-cloudy-night,62.86,0,5
2018-05-08,61.49,0.65,0.0,05:01AM,none_,partly-cloudy-night,61.49,1,5
2018-05-09,62.62,0.58,0.0,05:01AM,none_,clear-night,62.62,2,5
2018-05-10,63.74,0.74,0.0625,10:00PM,rain,partly-cloudy-night,63.74,3,5
2018-05-11,67.94,0.32,0.0035,12:00AM,rain,partly-cloudy-night,67.94,4,5
2018-05-12,54.23,0.91,0.0394,06:00AM,rain,rain,54.23,5,5
2018-05-13,52.98,0.89,0.0437,02:00PM,rain,cloudy,52.98,6,5
2018-05-14,62.51,0.82,0.011,02:00AM,rain,partly-cloudy-day,62.51,0,5
2018-05-15,67.11,0.93,0.1186,06:00PM,rain,rain,66.4,1,5
2018-05-16,57.44,0.94,0.047,03:00PM,rain,rain,57.44,2,5
2018-05-17,68.28,0.86,0.0633,07:00AM,rain,partly-cloudy-day,67.75,3,5
2018-05-18,58.14,0.53,0.0,05:01AM,none_,cloudy,58.14,4,5
2018-05-19,55.64,0.97,0.0855,02:00PM,rain,fog,55.64,5,5
2018-05-20,73.26,0.61,0.0018,03:00AM,rain,partly-cloudy-day,73.26,6,5
2018-05-21,67.92,0.52,0.0,05:01AM,none_,clear-day,67.92,0,5
2018-05-22,57.98,0.93,0.0989,04:00PM,rain,cloudy,57.98,1,5
2018-05-23,77.58,0.4,0.1057,04:00AM,rain,clear-day,77.58,2,5
2018-05-24,75.13,0.35,0.0,05:01AM,none_,clear-day,75.13,3,5
2018-05-25,81.31,0.46,0.0,05:01AM,none_,clear-day,81.06,4,5
2018-05-26,81.72,0.62,0.0,05:01AM,none_,partly-cloudy-day,79.72,5,5
2018-05-27,58.58,0.83,0.0925,09:00AM,rain,cloudy,58.58,6,5
2018-05-28,63.43,0.78,0.0,05:01AM,none_,cloudy,63.43,0,5
2018-05-29,81.78,0.6,0.0,05:01AM,none_,partly-cloudy-day,80.0,1,5
2018-05-30,62.12,0.81,0.0,05:01AM,none_,partly-cloudy-day,62.12,2,5
2018-05-31,66.61,0.97,0.0061,02:00PM,rain,cloudy,65.78,3,5
2018-06-01,75.02,0.83,0.0112,06:00AM,rain,partly-cloudy-day,74.02,4,6
2018-06-02,77.93,0.67,0.0193,01:00AM,rain,partly-cloudy-day,77.37,5,6
2018-06-03,57.77,0.73,0.0505,12:00AM,rain,partly-cloudy-day,57.77,6,6
2018-06-04,66.55,0.71,0.0844,01:00AM,rain,cloudy,66.55,0,6
2018-06-05,69.7,0.51,0.0,05:01AM,none_,partly-cloudy-day,69.7,1,6
2018-06-06,62.1,0.71,0.0,05:01AM,none_,partly-cloudy-day,62.1,2,6
2018-06-07,63.28,0.73,0.0,05:01AM,none_,clear-day,63.28,3,6
2018-06-08,78.66,0.51,0.0,05:01AM,none_,partly-cloudy-day,78.66,4,6
2018-06-09,71.55,0.58,0.0,05:01AM,none_,partly-cloudy-day,71.55,5,6
2018-06-10,63.28,0.7,0.0011,12:00AM,rain,cloudy,63.28,6,6
2018-06-11,63.8,0.49,0.0064,01:00AM,rain,clear-day,63.8,0,6
2018-06-12,66.51,0.58,0.0,05:01AM,none_,clear-day,66.51,1,6
2018-06-13,77.26,0.75,0.0125,02:00PM,rain,partly-cloudy-day,76.41,2,6
2018-06-14,79.79,0.31,0.0019,01:00AM,rain,clear-day,79.79,3,6
2018-06-15,72.31,0.49,0.0,05:01AM,none_,partly-cloudy-day,72.31,4,6
2018-06-16,77.09,0.42,0.0,05:01AM,none_,partly-cloudy-day,77.09,5,6
2018-06-17,80.59,0.44,0.0,05:01AM,none_,clear-day,80.48,6,6
2018-06-18,91.45,0.59,0.0564,09:00PM,rain,partly-cloudy-day,86.32,0,6
2018-06-19,82.54,0.33,0.0107,03:00AM,rain,clear-day,82.54,1,6
2018-06-20,75.41,0.68,0.0,05:01AM,none_,partly-cloudy-day,75.01,2,6
2018-06-21,78.3,0.51,0.068,02:00AM,rain,partly-cloudy-day,78.3,3,6
2018-06-22,67.43,0.77,0.0112,12:00AM,none_,clear-night,67.4,4,6
2018-06-23,66.75,0.85,0.0132,01:00AM,none_,cloudy,66.42,5,6
2018-06-24,83.4,0.58,0.0143,09:00PM,none_,partly-cloudy-day,81.54,6,6
2018-06-25,76.61,0.33,0.0,05:01AM,none_,partly-cloudy-day,76.61,0,6
2018-06-26,71.76,0.67,0.0,05:01AM,none_,partly-cloudy-day,71.76,1,6
2018-06-27,70.81,0.77,0.0017,10:00PM,rain,cloudy,70.43,2,6
2018-06-28,78.66,0.83,0.0807,07:00AM,none_,partly-cloudy-day,77.34,3,6
2018-06-29,85.8,0.4,0.0,05:01AM,none_,clear-day,85.8,4,6
2018-06-30,89.56,0.45,0.0,05:01AM,none_,clear-day,88.13,5,6
2018-07-01,95.0,0.55,0.0,05:01AM,none_,partly-cloudy-day,88.98,6,7
2018-07-02,88.48,0.66,0.0,05:01AM,none_,clear-day,83.55,0,7
2018-07-03,81.69,0.84,0.1256,05:00PM,rain,partly-cloudy-day,78.62,1,7
2018-07-04,83.32,0.77,0.0005,03:00PM,none_,partly-cloudy-day,79.75,2,7
2018-07-05,90.17,0.75,0.0,05:01AM,none_,partly-cloudy-day,83.11,3,7
2018-07-06,79.37,0.49,0.0799,06:00AM,rain,partly-cloudy-day,79.37,4,7
2018-07-07,69.55,0.51,0.0,05:01AM,none_,clear-day,69.55,5,7
2018-07-08,74.34,0.48,0.0,05:01AM,none_,clear-day,74.34,6,7
2018-07-09,78.96,0.55,0.0,05:01AM,none_,clear-day,78.77,0,7
2018-07-10,87.14,0.47,0.0,05:01AM,none_,partly-cloudy-day,86.06,1,7
2018-07-11,76.45,0.69,0.0,05:01AM,none_,partly-cloudy-day,75.9,2,7
2018-07-12,75.97,0.57,0.0,05:01AM,none_,partly-cloudy-day,75.97,3,7
2018-07-13,77.89,0.48,0.0,05:01AM,none_,clear-day,77.89,4,7
2018-07-14,85.76,0.48,0.0012,12:00AM,none_,partly-cloudy-day,84.86,5,7
2018-07-15,83.79,0.69,0.1422,05:00AM,rain,clear-day,80.56,6,7
2018-07-16,88.97,0.69,0.0,05:01AM,none_,partly-cloudy-day,83.39,0,7
2018-07-17,73.52,0.94,0.1932,03:00PM,none_,cloudy,72.19,1,7
2018-07-18,80.23,0.37,0.0,05:01AM,none_,clear-day,80.23,2,7
2018-07-19,75.63,0.51,0.0,05:01AM,none_,clear-day,75.63,3,7
2018-07-20,74.12,0.58,0.0,05:01AM,none_,partly-cloudy-day,74.12,4,7
2018-07-21,74.12,0.58,0.0755,10:00PM,none_,clear-night,74.12,5,7
2018-07-22,76.36,0.94,0.1193,02:00AM,none_,rain,74.76,6,7
2018-07-23,79.05,0.85,0.0288,05:00AM,rain,cloudy,77.61,0,7
2018-07-24,79.5,0.84,0.0006,03:00AM,none_,partly-cloudy-day,78.04,1,7
2018-07-25,76.58,0.94,0.1612,07:00AM,none_,rain,74.97,2,7
2018-07-26,86.4,0.67,0.0074,01:00AM,rain,partly-cloudy-day,82.32,3,7
2018-07-27,75.69,0.83,0.061,10:00PM,rain,rain,74.61,4,7
2018-07-28,82.73,0.74,0.0021,12:00AM,rain,partly-cloudy-day,79.59,5,7
2018-07-29,78.09,0.59,0.0,05:01AM,none_,partly-cloudy-day,77.85,6,7
2018-07-30,74.67,0.75,0.0,05:01AM,none_,partly-cloudy-day,74.05,0,7
2018-07-31,76.01,0.69,0.0,05:01AM,none_,partly-cloudy-day,75.54,1,7
2018-08-01,89.33,0.69,0.0831,02:00PM,rain,partly-cloudy-day,83.54,2,8
2018-08-02,84.32,0.79,0.0625,05:00PM,rain,partly-cloudy-day,80.14,3,8
2018-08-03,79.87,0.83,0.1215,04:00PM,rain,partly-cloudy-day,78.41,4,8
2018-08-04,87.52,0.65,0.175,10:00AM,rain,partly-cloudy-day,83.28,5,8
2018-08-05,88.62,0.62,0.0,05:01AM,none_,clear-day,84.3,6,8
2018-08-06,92.12,0.66,0.0,05:01AM,none_,partly-cloudy-day,85.45,0,8
2018-08-07,78.21,0.86,0.05,08:00PM,rain,rain,76.79,1,8
2018-08-08,88.17,0.72,0.0,05:01AM,none_,partly-cloudy-night,82.6,2,8
2018-08-09,84.91,0.49,0.0649,03:00AM,rain,clear-night,84.04,3,8
2018-08-10,82.29,0.68,0.0,05:01AM,none_,cloudy,79.73,4,8
2018-08-11,75.78,0.91,0.2068,06:00PM,rain,rain,74.35,5,8
2018-08-12,79.09,0.83,0.0019,08:00PM,rain,partly-cloudy-night,77.73,6,8
2018-08-13,75.48,0.94,0.0672,11:00AM,rain,cloudy,73.99,0,8
2018-08-14,73.95,0.86,0.0318,04:00PM,rain,partly-cloudy-night,72.9,1,8
2018-08-15,86.42,0.62,0.0,05:01AM,none_,partly-cloudy-night,82.97,2,8
2018-08-16,88.0,0.6,0.0,05:01AM,none_,partly-cloudy-night,84.34,3,8
2018-08-17,88.56,0.8,0.1753,12:00AM,rain,partly-cloudy-night,81.86,4,8
2018-08-18,75.7,0.9,0.272,01:00AM,rain,rain,74.34,5,8
2018-08-19,72.66,0.79,0.0022,03:00PM,rain,cloudy,72.06,6,8
2018-08-20,72.43,0.8,0.0,05:01AM,none_,partly-cloudy-night,71.79,0,8
2018-08-21,73.62,0.81,0.0023,12:00AM,rain,partly-cloudy-night,72.81,1,8
2018-08-22,79.95,0.6,0.2243,02:00AM,rain,partly-cloudy-night,79.49,2,8
2018-08-23,73.98,0.47,0.0022,08:00AM,rain,clear-night,73.98,3,8
2018-08-24,75.15,0.53,0.0,05:01AM,none_,clear-night,75.15,4,8
2018-08-25,72.84,0.65,0.0,05:01AM,none_,clear-night,72.79,5,8
2018-08-26,82.86,0.63,0.0,05:01AM,none_,cloudy,80.5,6,8
2018-08-27,87.35,0.69,0.0,05:01AM,none_,partly-cloudy-night,82.59,0,8
2018-08-28,95.17,0.59,0.0,05:01AM,none_,clear-night,88.27,1,8
2018-08-29,93.02,0.56,0.0,05:01AM,none_,clear-night,87.72,2,8
2018-08-30,84.56,0.55,0.0,05:01AM,none_,clear-night,82.78,3,8
2018-08-31,71.72,0.78,0.0349,03:00PM,none_,cloudy,71.23,4,8
2018-09-01,72.46,0.74,0.0,05:01AM,none_,partly-cloudy-night,72.09,5,9
2018-09-02,77.29,0.81,0.0,05:01AM,none_,partly-cloudy-night,76.15,6,9
2018-09-03,89.77,0.76,0.0,05:01AM,none_,clear-night,82.92,0,9
2018-09-04,88.5,0.66,0.0,05:01AM,none_,partly-cloudy-night,83.56,1,9
2018-09-05,84.45,0.78,0.0,05:01AM,none_,clear-night,80.24,2,9
2018-09-06,77.52,0.88,0.0744,07:00PM,rain,rain,76.08,3,9
2018-09-07,72.4,0.8,0.0,05:01AM,none_,cloudy,71.76,4,9
2018-09-08,63.2,0.84,0.0035,09:00PM,rain,rain,63.2,5,9
2018-09-09,59.83,0.88,0.0335,07:00PM,rain,rain,59.83,6,9
2018-09-10,63.16,0.96,0.0769,05:00AM,rain,rain,62.67,0,9
2018-09-11,74.33,0.91,0.005,12:00AM,rain,cloudy,73.06,1,9
2018-09-12,75.1,0.95,0.0123,09:00PM,rain,rain,73.56,2,9
2018-09-13,74.09,0.87,0.018,04:00AM,rain,cloudy,73.02,3,9
2018-09-14,72.42,0.79,0.0003,07:00AM,none_,cloudy,71.83,4,9
2018-09-15,72.95,0.77,0.0,05:01AM,none_,clear-night,72.39,5,9
2018-09-16,74.72,0.76,0.0,05:01AM,none_,clear-night,74.07,6,9
2018-09-17,76.08,0.88,0.0046,06:00PM,rain,partly-cloudy-night,74.77,0,9
2018-09-18,72.97,0.92,0.1106,02:00PM,rain,partly-cloudy-night,71.76,1,9
2018-09-19,72.72,0.85,0.0,05:01AM,none_,partly-cloudy-night,71.82,2,9
2018-09-20,68.07,0.76,0.0,05:01AM,none_,cloudy,67.98,3,9
2018-09-21,73.12,0.78,0.0,05:01AM,none_,cloudy,72.48,4,9
2018-09-22,65.62,0.58,0.0,05:01AM,none_,partly-cloudy-night,65.62,5,9
2018-09-23,63.92,0.8,0.0,05:01AM,none_,cloudy,63.92,6,9
2018-09-24,62.24,0.7,0.0,05:01AM,none_,partly-cloudy-night,62.24,0,9
2018-09-25,71.72,0.96,0.1834,03:00PM,rain,rain,70.48,1,9
2018-09-26,77.04,0.89,0.0455,10:00PM,rain,partly-cloudy-night,75.6,2,9
2018-09-27,67.79,0.71,0.0163,12:00AM,rain,cloudy,67.79,3,9
2018-09-28,60.32,0.84,0.1935,05:00AM,rain,clear-night,60.32,4,9
2018-09-29,65.31,0.65,0.0,05:01AM,none_,partly-cloudy-night,65.31,5,9
2018-09-30,64.77,0.76,0.0,05:01AM,none_,clear-night,64.77,6,9
2018-10-01,71.27,0.85,0.0,05:01AM,none_,partly-cloudy-night,70.52,0,10
2018-10-02,74.41,0.82,0.3114,11:00PM,rain,partly-cloudy-night,73.49,1,10
2018-10-03,67.3,0.72,0.119,12:00AM,rain,clear-night,67.3,2,10
2018-10-04,73.08,0.72,0.0213,06:00PM,rain,cloudy,73.08,3,10
2018-10-05,64.22,0.76,0.0,05:01AM,none_,partly-cloudy-night,64.22,4,10
2018-10-06,66.82,0.92,0.0013,07:00PM,rain,cloudy,66.19,5,10
2018-10-07,74.97,0.86,0.0008,01:00AM,none_,partly-cloudy-night,73.85,6,10
2018-10-08,65.0,0.92,0.0015,08:00PM,rain,cloudy,64.51,0,10
2018-10-09,72.68,0.89,0.0028,03:00AM,rain,partly-cloudy-night,71.63,1,10
2018-10-10,74.4,0.92,0.0,05:01AM,none_,partly-cloudy-night,73.07,2,10
2018-10-11,71.3,0.98,0.0823,12:00PM,rain,rain,69.99,3,10
2018-10-12,54.35,0.58,0.0679,05:00AM,rain,clear-night,54.35,4,10
2018-10-13,52.31,0.65,0.0275,08:00AM,rain,clear-night,52.31,5,10
2018-10-14,54.86,0.65,0.0,05:01AM,none_,partly-cloudy-night,54.86,6,10
2018-10-15,66.48,0.79,0.0068,07:00AM,rain,cloudy,66.4,0,10
2018-10-16,51.69,0.58,0.0095,01:00AM,rain,clear-night,51.69,1,10
2018-10-17,54.94,0.47,0.0,05:01AM,none_,partly-cloudy-night,54.94,2,10
2018-10-18,44.59,0.45,0.0,05:01AM,none_,clear-night,46.53,3,10
2018-10-19,55.77,0.6,0.0,05:01AM,none_,clear-night,55.77,4,10
2018-10-20,55.76,0.68,0.0098,04:00AM,rain,clear-night,55.76,5,10
2018-10-21,37.64,0.52,0.0014,02:00AM,rain,clear-night,41.58,6,10
2018-10-22,46.58,0.6,0.0,05:01AM,none_,partly-cloudy-night,48.27,0,10
2018-10-23,54.39,0.55,0.0,07:00PM,none_,partly-cloudy-night,54.39,1,10
2018-10-24,45.38,0.54,0.0,05:01AM,none_,partly-cloudy-night,48.86,2,10
2018-10-25,41.5,0.56,0.0,05:01AM,none_,clear-night,44.53,3,10
2018-10-26,44.27,0.69,0.0,05:01AM,none_,cloudy,48.15,4,10
2018-10-27,50.73,0.95,0.0936,06:00AM,rain,rain,50.73,5,10
2018-10-28,51.1,0.76,0.0064,12:00AM,rain,cloudy,51.1,6,10
2018-10-29,51.1,0.76,0.0109,01:00AM,none_,clear-night,51.1,0,10
2018-10-30,50.19,0.45,0.0,05:01AM,none_,clear-night,50.19,1,10
2018-10-31,59.71,0.72,0.0,05:01AM,none_,partly-cloudy-night,59.71,2,10
2018-11-01,64.1,0.78,0.0,05:01AM,none_,partly-cloudy-night,64.1,3,11
2018-11-02,65.11,0.95,0.0825,11:00PM,rain,rain,64.49,4,11
2018-11-03,51.89,0.51,0.1288,03:00AM,rain,clear-night,51.89,5,11
2018-11-04,47.16,0.67,0.0,05:01AM,none_,clear-night,47.16,6,11
2018-11-05,51.6,0.96,0.0515,11:00AM,rain,rain,51.6,0,11
2018-11-06,56.99,0.96,0.1228,12:00PM,rain,partly-cloudy-night,56.99,1,11
2018-11-07,58.41,0.5,0.0002,05:00AM,none_,partly-cloudy-night,58.41,2,11
2018-11-08,44.31,0.51,0.0,05:01AM,none_,clear-night,47.83,3,11
2018-11-09,50.75,0.94,0.1551,07:00PM,rain,rain,50.75,4,11
2018-11-10,30.42,0.42,0.0107,12:00AM,none_,clear-night,37.38,5,11
2018-11-11,38.21,0.54,0.0,05:01AM,none_,clear-night,40.17,6,11
2018-11-12,46.13,0.67,0.0172,12:00AM,none_,partly-cloudy-night,46.13,0,11
2018-11-13,39.0,0.64,0.1317,08:00AM,rain,cloudy,44.48,1,11
2018-11-14,26.7,0.44,0.0,05:01AM,none_,partly-cloudy-night,33.93,2,11
2018-11-15,22.13,0.95,0.034,05:00PM,snow,sleet,32.35,3,11
2018-11-16,33.47,0.65,0.0575,07:00AM,rain,clear-night,39.95,4,11
2018-11-17,40.46,0.59,0.0,05:01AM,none_,cloudy,44.33,5,11
2018-11-18,43.08,0.66,0.0,05:01AM,none_,cloudy,43.08,6,11
2018-11-19,46.42,0.77,0.0,05:01AM,none_,partly-cloudy-night,46.42,0,11
2018-11-20,38.66,0.59,0.0,05:01AM,none_,cloudy,43.72,1,11
2018-11-21,28.99,0.54,0.0,05:01AM,none_,partly-cloudy-night,36.78,2,11
2018-11-22,10.42,0.34,0.0,05:01AM,none_,clear-night,21.26,3,11
2018-11-23,29.06,0.37,0.0,05:01AM,none_,clear-night,29.06,4,11
2018-11-24,41.27,0.93,0.2564,11:00PM,rain,rain,45.92,5,11
2018-11-25,51.07,0.61,0.2204,12:00AM,rain,cloudy,51.07,6,11
2018-11-26,43.61,0.94,0.189,04:00PM,rain,rain,48.48,0,11
2018-11-27,32.2,0.58,0.0135,12:00AM,rain,cloudy,39.11,1,11
2018-11-28,34.22,0.57,0.0,05:01AM,none_,cloudy,40.62,2,11
2018-11-29,34.43,0.56,0.0,05:01AM,none_,cloudy,40.33,3,11
2018-11-30,39.38,0.81,0.0032,03:00PM,rain,cloudy,39.38,4,11
2018-12-01,37.93,0.82,0.0103,09:00PM,rain,rain,41.85,5,12
2018-12-02,52.62,0.99,0.0964,04:00AM,rain,rain,52.62,6,12
2018-12-03,44.03,0.58,0.0,05:01AM,none_,partly-cloudy-night,48.04,0,12
2018-12-04,28.78,0.48,0.0,05:01AM,none_,clear-night,34.17,1,12
2018-12-05,28.49,0.52,0.0,05:01AM,none_,partly-cloudy-night,33.1,2,12
2018-12-06,31.72,0.53,0.0,05:01AM,none_,cloudy,37.67,3,12
2018-12-07,22.93,0.45,0.0,05:01AM,none_,clear-night,30.47,4,12
2018-12-08,30.39,0.59,0.0,05:01AM,none_,clear-night,30.39,5,12
2018-12-09,28.46,0.55,0.0,05:01AM,none_,clear-night,32.45,6,12
2018-12-10,31.2,0.53,0.0,05:01AM,none_,clear-night,34.03,0,12
2018-12-11,29.13,0.6,0.0,05:01AM,none_,clear-night,34.28,1,12
2018-12-12,34.75,0.63,0.0,05:01AM,none_,partly-cloudy-night,34.75,2,12
2018-12-13,34.28,0.87,0.0,05:01AM,none_,cloudy,39.3,3,12
2018-12-14,47.21,0.94,0.0167,12:00AM,rain,cloudy,47.21,4,12
2018-12-15,45.82,0.7,0.0269,02:00AM,rain,partly-cloudy-night,49.56,5,12
2018-12-16,30.51,0.93,0.1307,07:00AM,rain,rain,37.88,6,12
2018-12-17,36.06,0.5,0.0,05:01AM,none_,cloudy,42.34,0,12
2018-12-18,22.39,0.5,0.0,05:01AM,none_,clear-night,30.53,1,12
2018-12-19,36.01,0.61,0.0,05:01AM,none_,clear-night,36.01,2,12
2018-12-20,40.27,0.95,0.0434,08:00PM,none_,rain,44.17,3,12
2018-12-21,55.27,0.95,0.2008,07:00AM,rain,cloudy,55.27,4,12
2018-12-22,36.03,0.55,0.0028,03:00AM,rain,cloudy,42.38,5,12
2018-12-23,37.01,0.61,0.0,05:01AM,none_,partly-cloudy-night,39.34,6,12
2018-12-24,31.84,0.57,0.0105,04:00AM,rain,partly-cloudy-night,38.61,0,12
2018-12-25,30.94,0.5,0.0,05:01AM,none_,partly-cloudy-night,36.47,1,12
2018-12-26,33.09,0.63,0.0,05:01AM,none_,clear-night,37.68,2,12
2018-12-27,36.07,0.72,0.0,05:01AM,none_,partly-cloudy-night,39.4,3,12
2018-12-28,56.97,0.97,0.1195,11:00AM,rain,cloudy,56.97,4,12
2018-12-29,37.51,0.58,0.0,05:01AM,none_,partly-cloudy-night,42.53,5,12
2018-12-30,37.51,0.77,0.0,05:01AM,none_,partly-cloudy-night,37.51,6,12
2018-12-31,38.79,0.94,0.1784,10:00PM,rain,rain,43.98,0,12
2019-01-01,38.42,0.58,0.1385,12:00AM,rain,partly-cloudy-night,43.71,1,1
2019-01-02,32.0,0.61,0.0,05:01AM,none_,cloudy,37.23,2,1
2019-01-03,35.25,0.6,0.0,03:00AM,none_,partly-cloudy-night,37.38,3,1
2019-01-04,41.17,0.74,0.0,05:01AM,none_,clear-night,42.83,4,1
2019-01-05,40.36,0.85,0.0781,03:00AM,rain,partly-cloudy-night,44.36,5,1
2019-01-06,28.44,0.46,0.0,05:01AM,none_,partly-cloudy-night,37.43,6,1
2019-01-07,28.06,0.37,0.0,05:01AM,none_,partly-cloudy-night,31.46,0,1
2019-01-08,41.59,0.91,0.05,12:00AM,rain,cloudy,41.59,1,1
2019-01-09,29.84,0.45,0.05,12:00AM,rain,partly-cloudy-night,37.45,2,1
2019-01-10,22.28,0.54,0.0,05:01AM,none_,partly-cloudy-night,31.16,3,1
2019-01-11,15.87,0.37,0.0,05:01AM,none_,clear-night,25.28,4,1
2019-01-12,26.63,0.41,0.0,05:01AM,none_,partly-cloudy-night,30.77,5,1
2019-01-13,18.81,0.48,0.0,05:01AM,none_,clear-night,28.79,6,1
2019-01-14,25.13,0.49,0.0,05:01AM,none_,clear-night,28.35,0,1
2019-01-15,30.77,0.56,0.0,05:01AM,none_,clear-night,30.77,1,1
2019-01-16,30.91,0.52,0.0,05:01AM,none_,partly-cloudy-night,37.51,2,1
2019-01-17,26.73,0.54,0.0,05:01AM,none_,partly-cloudy-night,30.13,3,1
2019-01-18,29.86,0.85,0.0036,12:00PM,snow,partly-cloudy-night,34.17,4,1
2019-01-19,30.04,0.82,0.0616,12:00AM,rain,cloudy,36.86,5,1
2019-01-20,1.07,0.59,0.14,03:00AM,rain,clear-night,16.49,6,1
2019-01-21,-3.67,0.47,0.0,05:01AM,none_,clear-night,10.78,0,1
2019-01-22,27.15,0.44,0.0,05:01AM,none_,partly-cloudy-night,27.15,1,1
2019-01-23,39.38,0.74,0.0,05:01AM,none_,partly-cloudy-night,42.47,2,1
2019-01-24,32.26,0.68,0.1806,12:00PM,rain,cloudy,39.6,3,1
2019-01-25,24.91,0.31,0.0,05:01AM,none_,clear-night,32.57,4,1
2019-01-26,31.6,0.48,0.0,05:01AM,none_,cloudy,31.6,5,1
2019-01-27,37.47,0.52,0.0,05:01AM,none_,partly-cloudy-night,41.32,6,1
2019-01-28,21.25,0.44,0.0,05:01AM,none_,clear-night,26.11,0,1
2019-01-29,31.68,0.91,0.0596,08:00PM,rain,rain,37.72,1,1
2019-01-30,-5.81,0.31,0.0034,12:00AM,rain,clear-night,9.92,2,1
2019-01-31,1.41,0.37,0.0,05:01AM,none_,clear-night,13.68,3,1
2019-02-01,12.07,0.48,0.0,05:01AM,none_,clear-night,19.14,4,2
2019-02-02,22.31,0.64,0.0,05:01AM,none_,partly-cloudy-night,31.25,5,2
2019-02-03,36.6,0.76,0.0,05:01AM,none_,clear-night,39.74,6,2
2019-02-04,43.16,0.76,0.0,05:01AM,none_,clear-night,43.16,0,2
2019-02-05,53.24,0.65,0.0,05:01AM,none_,clear-night,53.24,1,2
2019-02-06,34.71,0.92,0.0998,10:00PM,none_,rain,40.47,2,2
2019-02-07,40.52,0.92,0.0442,01:00AM,none_,cloudy,42.61,3,2
2019-02-08,30.51,0.38,0.0815,02:00AM,none_,clear-night,38.43,4,2
2019-02-09,21.67,0.42,0.0,05:01AM,none_,clear-night,28.42,5,2
2019-02-10,28.03,0.38,0.0,05:01AM,none_,partly-cloudy-night,33.36,6,2
2019-02-11,30.33,0.5,0.0,05:01AM,none_,partly-cloudy-night,35.15,0,2
2019-02-12,26.06,0.94,0.029,10:00PM,snow,rain,34.53,1,2
2019-02-13,25.3,0.51,0.0243,11:00AM,rain,clear-night,34.41,2,2
2019-02-14,40.01,0.43,0.0076,01:00PM,rain,partly-cloudy-night,40.01,3,2
2019-02-15,53.4,0.6,0.0,05:01AM,none_,cloudy,53.4,4,2
2019-02-16,30.01,0.45,0.0,05:01AM,none_,clear-night,36.35,5,2
2019-02-17,29.33,0.63,0.0068,11:00PM,rain,cloudy,34.36,6,2
2019-02-18,20.59,0.54,0.0199,06:00AM,rain,partly-cloudy-night,30.33,0,2
2019-02-19,27.72,0.35,0.0,05:01AM,none_,clear-night,32.41,1,2
2019-02-20,24.23,0.94,0.0583,12:00AM,none_,sleet,30.76,2,2
2019-02-21,42.32,0.56,0.0915,01:00AM,rain,clear-night,45.68,3,2
2019-02-22,34.69,0.5,0.0,05:01AM,none_,clear-night,39.05,4,2
2019-02-23,33.66,0.76,0.0021,12:00AM,rain,cloudy,38.17,5,2
2019-02-24,39.45,0.75,0.1289,07:00AM,none_,partly-cloudy-night,46.09,6,2
2019-02-25,23.95,0.36,0.0,05:01AM,none_,clear-night,33.99,0,2
2019-02-26,19.87,0.38,0.0,05:01AM,none_,clear-night,29.09,1,2
2019-02-27,21.23,0.62,0.0,05:01AM,none_,cloudy,28.86,2,2
2019-02-28,25.02,0.43,0.0042,03:00AM,snow,clear-night,31.63,3,2
2019-03-01,27.0,0.79,0.0165,01:00PM,none_,cloudy,34.3,4,3
2019-03-02,33.91,0.73,0.0335,02:00PM,none_,cloudy,38.69,5,3
2019-03-03,32.76,0.95,0.0342,12:00AM,none_,snow,32.76,6,3
2019-03-04,26.62,0.49,0.0462,01:00AM,none_,partly-cloudy-night,33.18,0,3
2019-03-05,19.92,0.41,0.0018,01:00PM,none_,clear-night,28.35,1,3
2019-03-06,13.05,0.47,0.0,05:01AM,none_,partly-cloudy-night,22.4,2,3
2019-03-07,24.13,0.45,0.0,05:01AM,none_,partly-cloudy-night,28.94,3,3
2019-03-08,35.27,0.57,0.0049,12:00PM,rain,partly-cloudy-night,35.27,4,3
2019-03-09,35.21,0.59,0.0035,11:00AM,none_,clear-night,38.25,5,3
2019-03-10,40.42,0.96,0.0787,11:00AM,none_,cloudy,40.42,6,3
2019-03-11,50.06,0.31,0.0,05:01AM,none_,clear-night,50.06,0,3
2019-03-12,32.86,0.41,0.0,05:01AM,none_,clear-night,38.98,1,3
2019-03-13,35.41,0.59,0.0,05:01AM,none_,partly-cloudy-night,40.37,2,3
2019-03-14,45.46,0.72,0.0,05:01AM,none_,partly-cloudy-night,48.85,3,3
2019-03-15,63.85,0.71,0.1271,10:00PM,none_,partly-cloudy-night,63.85,4,3
2019-03-16,36.72,0.4,0.0003,12:00AM,none_,partly-cloudy-night,42.58,5,3
2019-03-17,35.19,0.3,0.0,05:01AM,none_,clear-night,40.38,6,3
2019-03-18,41.01,0.36,0.0,05:01AM,none_,partly-cloudy-night,41.01,0,3
2019-03-19,39.06,0.43,0.0,05:01AM,none_,partly-cloudy-night,41.91,1,3
2019-03-20,38.54,0.62,0.0,05:01AM,none_,partly-cloudy-night,43.94,2,3
2019-03-21,37.13,0.86,0.0757,12:00AM,none_,rain,43.3,3,3
2019-03-22,38.29,0.56,0.1114,01:00AM,rain,partly-cloudy-night,44.2,4,3
2019-03-23,38.76,0.25,0.0,05:01AM,none_,clear-night,44.43,5,3
2019-03-24,56.85,0.25,0.0,05:01AM,none_,partly-cloudy-night,56.85,6,3
2019-03-25,43.26,0.47,0.0,05:01AM,none_,cloudy,46.37,0,3
2019-03-26,39.77,0.18,0.0,05:01AM,none_,clear-night,43.93,1,3
2019-03-27,33.63,0.52,0.0,05:01AM,none_,clear-night,38.59,2,3
2019-03-28,41.54,0.7,0.0,05:01AM,none_,partly-cloudy-night,45.13,3,3
2019-03-29,55.59,0.67,0.0,05:01AM,none_,cloudy,55.59,4,3
2019-03-30,57.3,0.56,0.0,05:01AM,none_,partly-cloudy-night,57.3,5,3
2019-03-31,39.11,0.49,0.0235,12:00PM,rain,partly-cloudy-night,44.85,6,3
2019-04-01,40.09,0.27,0.0,05:01AM,none_,clear-night,42.44,0,4
2019-04-02,39.77,0.63,0.0,05:01AM,none_,cloudy,43.98,1,4
2019-04-03,61.29,0.17,0.0,05:01AM,none_,clear-night,61.29,2,4
2019-04-04,52.76,0.23,0.0,05:01AM,none_,clear-night,52.76,3,4
2019-04-05,33.96,0.89,0.0267,11:00PM,rain,rain,38.84,4,4
2019-04-06,59.49,0.48,0.013,12:00AM,rain,clear-night,59.49,5,4
2019-04-07,57.59,0.61,0.0,05:01AM,none_,partly-cloudy-night,57.59,6,4
2019-04-08,72.71,0.45,0.0872,03:00AM,rain,partly-cloudy-night,72.71,0,4
2019-04-09,44.75,0.93,0.0209,07:00PM,none_,cloudy,46.28,1,4
2019-04-10,51.2,0.38,0.0,05:01AM,none_,clear-night,51.2,2,4
2019-04-11,44.54,0.46,0.0,05:01AM,none_,cloudy,46.78,3,4
2019-04-12,60.61,0.84,0.1577,11:00PM,rain,rain,60.61,4,4
2019-04-13,69.33,0.59,0.079,06:00AM,rain,partly-cloudy-night,69.33,5,4
2019-04-14,60.57,0.91,0.0116,11:00PM,rain,cloudy,60.52,6,4
2019-04-15,42.71,0.51,0.2115,06:00AM,rain,partly-cloudy-night,48.29,0,4
2019-04-16,59.55,0.3,0.0,05:01AM,none_,partly-cloudy-night,59.55,1,4
2019-04-17,51.3,0.44,0.0,04:00AM,none_,partly-cloudy-night,51.3,2,4
2019-04-18,58.23,0.77,0.0,05:01AM,none_,partly-cloudy-night,58.23,3,4
2019-04-19,65.16,0.81,0.029,10:00PM,none_,cloudy,65.13,4,4
2019-04-20,56.79,0.73,0.1866,08:00AM,rain,partly-cloudy-night,56.79,5,4
2019-04-21,57.74,0.67,0.0,05:01AM,none_,partly-cloudy-night,57.74,6,4
2019-04-22,58.1,0.92,0.0472,04:00PM,rain,rain,58.1,0,4
2019-04-23,63.74,0.64,0.0011,12:00AM,rain,partly-cloudy-night,63.74,1,4
2019-04-24,64.69,0.37,0.0039,01:00AM,rain,clear-night,64.69,2,4
2019-04-25,53.26,0.78,0.0013,08:00PM,rain,cloudy,53.26,3,4
2019-04-26,57.89,0.95,0.1338,01:00PM,rain,rain,57.89,4,4
2019-04-27,54.08,0.43,0.0182,04:00AM,rain,clear-night,54.08,5,4
2019-04-28,46.23,0.69,0.001,01:00PM,rain,partly-cloudy-night,49.5,6,4
2019-04-29,50.72,0.53,0.0,05:01AM,none_,cloudy,50.72,0,4
2019-04-30,55.76,0.76,0.0169,05:00AM,rain,partly-cloudy-night,55.76,1,4
2019-05-01,50.18,0.92,0.0,10:00PM,none_,cloudy,50.18,2,5
2019-05-02,55.81,0.8,0.0131,07:00PM,rain,cloudy,55.81,3,5
2019-05-03,53.34,0.95,0.0002,03:00PM,none_,cloudy,53.34,4,5
2019-05-04,58.89,0.89,0.1083,02:00AM,rain,partly-cloudy-night,58.89,5,5
2019-05-05,52.23,0.96,0.1066,08:00PM,rain,rain,52.23,6,5
2019-05-06,58.14,0.68,0.0226,12:00AM,rain,cloudy,58.14,0,5
2019-05-07,63.84,0.74,0.0477,09:00PM,rain,partly-cloudy-night,63.84,1,5
2019-05-08,59.45,0.66,0.0,05:01AM,none_,clear-night,59.45,2,5
2019-05-09,54.7,0.71,0.0,05:01AM,none_,cloudy,54.7,3,5
2019-05-10,71.55,0.7,0.0174,02:00PM,rain,partly-cloudy-night,71.43,4,5
2019-05-11,64.07,0.47,0.016,04:00AM,rain,cloudy,64.07,5,5
2019-05-12,40.16,0.88,0.1263,03:00PM,rain,cloudy,45.8,6,5
2019-05-13,43.04,0.91,0.1379,06:00PM,rain,cloudy,47.24,0,5
2019-05-14,48.81,0.93,0.0629,08:00PM,rain,rain,48.81,1,5
2019-05-15,61.18,0.6,0.0062,12:00AM,rain,partly-cloudy-day,61.18,2,5
2019-05-16,64.01,0.53,0.014,05:00AM,rain,partly-cloudy-day,64.01,3,5
2019-05-17,73.42,0.57,0.0299,10:00PM,rain,partly-cloudy-day,73.42,4,5
2019-05-18,62.41,0.54,0.0005,12:00AM,none_,partly-cloudy-day,62.41,5,5
2019-05-19,70.13,0.81,0.0145,08:00AM,rain,partly-cloudy-day,69.64,6,5
2019-05-20,81.02,0.48,0.1306,02:00AM,rain,partly-cloudy-day,80.42,0,5
2019-05-21,67.8,0.27,0.0,05:01AM,none_,partly-cloudy-day,67.8,1,5
2019-05-22,68.41,0.39,0.0,05:01AM,none_,clear-day,68.41,2,5
2019-05-23,65.29,0.87,0.0815,05:00PM,rain,partly-cloudy-day,65.0,3,5
2019-05-24,69.17,0.49,0.0013,12:00AM,rain,partly-cloudy-day,69.17,4,5
2019-05-25,61.54,0.63,0.0029,12:00AM,rain,partly-cloudy-day,61.54,5,5
2019-05-26,71.54,0.84,0.0505,07:00PM,rain,partly-cloudy-day,70.82,6,5
2019-05-27,75.85,0.41,0.0005,12:00AM,none_,clear-day,75.85,0,5
2019-05-28,68.98,0.84,0.0569,10:00PM,rain,cloudy,68.47,1,5
2019-05-29,56.52,0.96,0.3805,06:00PM,rain,rain,56.52,2,5
2019-05-30,62.97,0.94,0.339,07:00PM,rain,rain,62.59,3,5
2019-05-31,74.86,0.55,0.0223,01:00AM,rain,partly-cloudy-day,74.86,4,5
2019-06-01,69.0,0.72,0.0012,12:00AM,rain,partly-cloudy-day,69.0,5,6
2019-06-02,74.22,0.64,0.0717,10:00PM,rain,partly-cloudy-day,74.12,6,6
2019-06-03,66.69,0.31,0.0073,12:00AM,rain,clear-day,66.69,0,6
2019-06-04,68.74,0.4,0.0006,11:00AM,none_,partly-cloudy-day,68.74,1,6
2019-06-05,74.61,0.77,0.0003,04:00PM,none_,partly-cloudy-day,73.92,2,6
2019-06-06,78.4,0.53,0.1395,01:00AM,rain,partly-cloudy-day,78.36,3,6
2019-06-07,68.62,0.8,0.0004,05:00PM,rain,partly-cloudy-day,68.34,4,6
2019-06-08,69.5,0.44,0.0001,01:00AM,none_,clear-day,69.5,5,6
2019-06-09,68.3,0.4,0.0,05:01AM,none_,clear-day,68.3,6,6
2019-06-10,68.66,0.96,0.1063,03:00PM,rain,rain,67.67,0,6
